ylkfjl@laksjdllsfjlsdljfls.com
ylkfjl@laksjdllsfjlsdljfls.com
kevinkwiesner@gmail.com
minsoo.thigpen@gmail.com
dicks@dicks.org
Ehgnelson@gmail.com
cholman@risd.edu
jaja@gmail.com
wsneddon@gmail.com
namendolara@fordham.edu
henry@osadzinski.co.uk
steve@kotaku.com
jgoldberglewis@gmail.com
brendguy12@yahoo.co.uk
pelon316@outlook.com
carrie@carriesolomon.com
bobby.potter@gmail.com
pjmartinez181@gmail.com
bbennett138@gmail.com
stasoline@gmail.com
an4rchydk@gmail.com
ryan@segv.net
joe@chaoscooking.com
fsdfsdfsd@fdsfds.fr
jackmaney@gmail.com
jason@centercode.com
miles.okeefe@gmail.com
luke@centercode.com
calemcnulty@gmail.com
hi@foo.com
sargun+bitelabs@sargun.me
silviu@bemyapp.com
gravysam@gmail.com
janejane@tdfad.com
f@f.fff
colemanrichardj@gmail.com
doctorhopeless@gmail.com
Somebody2D@Gmail.com
test@testing123.com
michellecshen@gmail.com
landyrich@yahoo.com
donovan@kernelmag.com
todream92@aol.com
andrew.gerhard.myles@gmail.com
daedalea@gmail.com
averykhoo@gmail.com
malbogio@gmail.com
alex.alvarez@fusion.net
demosthenes310@gmail.com
Stephaniefrasco@gmail.com
Stephaniefrasco@gmail.com
akhomyak@risd.edu
sneakyness@sneakyness.com
parajosinalas@hotmail.com
Chaney2174@gmail.com
Chaney2174@gmail.com
madison.may@students.olin.edu
from.mhars@gmail.com
naraku_the_cold@yahoo.com
dfhm101@gmail.com
SuchBS667@AIM.com
janedoe@email.com
info@leozuniga.com
lyre.calliope@gmail.com
rscarson@rogers.com
bitelabs.updates@dannypobox.com
pukkake@live.com
Sorel@ucla.edu
senmer.14@robcol.k12.tr
franciscagilmore@gmail.com
jereilacos@gmail.com
popo.and.nana@gmail.com
simon@gravitywell.co.uk
toto@cool.fr.nf
mgill25@gmail.com
zanedvs@gmail.com
noam@inkod-hypera.com
janedoe@email.com
ben@firshman.co.uk
askdljlas@lasdijdlaksjdsalkdsjal.com
Willymcknight@ymail.com
tobsve03@gmail.com
mika_tasko@live.com.au
bredimarker15@gmail.com
isha@new-harvest.org
sianspicer1@gmail.com
Jborbone@gmail.com
a.n.chapin@gmail.com
blah@blah.com
gotensd@gmail.com
meganjpalmer@gmail.com
tons1.theone@gmail.com
paulhache@hotmail.com
karembiki@gmail.com
cory.forsyth@gmail.com
intern@centrale-surrealiste.org
ian.steadman@newstatesman.co.uk
andrew@empiricalarchetype.com
cwiencek@risd.edu
nickpick927@gmail.com
dylan.schenker@gmail.com
neonez08@yahoo.com
robshields83@gmail.com
bel.felis.lampon@gmail.com
jmn317@gmail.com
arnabsen@gmail.com
Kevin@stanley-adams.co.uk
jeremye@mcfaddengavender.com
luomopuma@gmail.com
janedoe@email.com
Aaron.oldenburg@gmail.com
sbakken@trustwave.com
Raymond@raymondmccauley.net
ledererstephen@yahoo.com
npetrus@huronconsultinggroup.com
mhatch@huronconsultinggroup.com
jacob@dearfuture.se
geoffmcdi@gmail.com
nick.lenko@gmail.com
jchon01@risd.edu
brock2197@gmail.com
brock2197@gmail.com
brock2197@gmail.com
brenna.ehrlich@mtvstaff.com
rnfortney@gmail.com
leonardmhuntjr@gmail.com
ewertmshawn@gmail.com
timothyterhaar@gmail.com
Charlotte_hylton@yahoo.co.uk
danopticon@gmail.com
ardorinertia@gmail.com
cthiersch15@gmail.com
akinglyris@gmail.com
ksparkman@comcast.net
sbowman@stanford.edu
jenni.powell@gmail.com
timrfox@gmail.com
timrfox@gmail.com
kaitlyn.trigger@gmail.com
zoe@iom.com
dgilsanz@risd.edu
alf.flanagan@riverbed.com
alf.flanagan@riverbed.com
marketing@radiok.org
janet.osborne@mail.com
jjadestar@yahoo.com
Paulie420@gmail.com
krane42@gmail.com
c_benjaminsen@hotmail.com
joanna.pajestka@gmail.com
bryan_t_cupps@yahoo.com
gabriela_motroc@yahoo.com
damienhogan87@gmail.com
bitelabs@nakomis.com
emailkanji@gmail.com
rossmills@gmail.com
rkellogg@risd.edu
m.m.mcglynn@gmail.com
kieron.monks@metro.lu
kieron.monks@metro.lu
thomas.okell@ndcn.ox.ac.uk
jbolme@hotmail.com
colinsugalski@gmail.com
jonny.linds@gmail.com
Nbearman+meat@gmail.com
simicirina@gmail.com
furybane@gmail.com
jolielee@usatoday.com
nac930@gmail.com
seanmbowen@gmail.com
puppymeat@gmail.com
ms@reganarts.com
ms@reganarts.com
tgoodman@evidon.com
ebrynne@gmail.com
Laurawells_20@icloud.com
Grant.stay@gmail.com
nathansadowsky@outlook.com
sarahdealy@gmail.com
hocke@beloit.edu
jburdett00@gmail.com
lquinanola06@gmail.com
kenzie5000@gmail.com
Brandon.kingm@gmail.com
shantz@live.it
jeorgina.stagebuddy@gmail.com
allaholic@yahoo.com
newt00@gmail.com
jdion280@gmail.com
heyacupcake@gmail.com
DearveganjerksIjustwentoutsideandkilledachickenforyouIthrewitontheroaddidnteveneatitThatsmygifttoyou@haveagreatday.org
toni.man@hotmail.com
ccooper@c3presents.com
neoprim@hotmail.com
a.taker@gmail.com
dpeay212@gmail.com
malaaeka@gmail.com
entheomusa@gmail.com
silvrewing@gmail.com
menefeematt@yahoo.com
alex.d@smithbrosagency.com
tips@theverge.com
msee@acginvestors.com
rbg777@icloud.com
jakeprice8@gmail.com
leah@littlemonsters.com
kassyxg@gmail.com
georgia.prescott@sca.com.au
n4tural.born.kill3r@gmail.com
Lestatdelioncourt999999@yahoo.com
matzohballer@gmail.com
asd@asd.com
g@g.gt
nstuhlman@yahoo.com
ljharb@gmail.com
jack@jackhl.com
kurcules@gmail.com
jack@jackcruden.com
f.honda@att.net
daniel.cg.lee@gmail.com
iamlogansmith@gmail.com
emily.virus@gmail.com
delaney1964@yahoo.com
Shasheen@shasheen.com
jcrayner@gmail.com
filyokf@yahoo.com
alisha.rowlett@gmail.com
Diane.hope.pearl@gmail.com
ford.joe.j@gmail.com
ericrrod@gmail.com
pmkammerer@loyola.edu
samhaviland919@gmail.com
tonamatos@gmail.com
evan.s.mcgee@gmail.com
morbidiqua@gmail.com
siegel.megan@gmail.com
moochalee@hotmail.com
briankrausz@gmail.com
jvaszari@gmail.com
jeffrey@medlmobile.com
DrMind.hb@gmail.com
sinjiarroyo@yahoo.com
jefferyfaulk@hotmail.com
marcelo.hudson54@gmail.com
autumblack@gmail.com
calvin.chen97@gmail.com
gautierd76@gmail.com
envidiav@gmail.com
melvis_69@yahoo.com
mathieu.campi@gmail.com
vburke@getnetdriven.com
Jeremy.blasi@gmail.com
b8akaratn@yahoo.com
jtweb69@yahoo.com
andres_chang@brown.edu
sjnovak3@gmail.com
boris@betterment.com
kararoseberry@gmail.com
jmarsdenjr319@gmail.com
fabienmarcil@me.com
hollysjohnson@gmail.com
janedoe@yahoo.com
theonlyemailavailable@gmail.com
clairevegan@yahoo.co.uk
threebroken3@gmail.com
inneffible@gmail.com
mahersagrillo@gmail.com
valerie@presentation-matters.com
simone15spencer@gmail.com
simonmould@yahoo.com
travis.trekell@gmail.com
tiffany.luong.tl@gmail.com
bradstinks@gmail.com
hong.jensen@gmail.com
steve@fosdal.net
ghostworkk@gmail.com
jfnova78@yahoo.com
ian.clarke@cbc.ca
katie.orloff@gmail.com
b2roxanne@gmail.com
gloria.dawson@gmail.com
tuesdaymaybe@gmail.com
thomas.muhr00@gmail.com
dbtayloruk@gmail.com
stephanie.hardiman@gmail.com
mfoconnor@gmail.com
samanthajensen@seattleacademy.org
starcrossed421@gmail.com
ss@ss.com
crsven@gmail.com
alexclifford93@gmail.com
girinathan24@gmail.com
bentzi+thisissortoffunnyinasickway@bouncex.com
luigi.montolio@pinnacleifs.com
anthonyv904@gmail.com
dentlere@gmail.com
rotmk5@hotmail.com
ready2crash@gmail.com
Destruct4@msn.com
erwanjames@gmail.com
jcm_me@yahoo.com
kayfer4@gmail.com
davidcbillington@gmail.com
davidcbillington@gmail.com
monsterjaws@gmail.com
TMcGraw14@hotmail.com
atrox.vii@gmail.com
Devilgotawoman@gmail.com
emilymmaddix@gmail.com
elijahvandy@gmail.com
emmanuelherrero@gmail.com
Jenmw71@gmail.com
Jenmw71@gmail.com
jjwrabbie@gmail.com
rmencis@isl.edu.lv
hsadhhfduhe@hdsuhshu.com
janedoe@email.com
semonr@gmail.com
yrarry@gmail.com
davidottlik@gmail.com
perrin@thisismold.com
tres_passing@hotmail.com
lime@bastu.net
Mary@maryharoun.com
jesseleigh.sullivan@gmail.com
sva.russell@gmail.com
josh.chanowitz@gmail.com
bella_bobcat@sbcglobal.net
paygharmoni@gmail.com
alannah.spronk@gmail.com
alex.judd@thisisfishburn.com
Facebook@ninalita.com
paulosantos.contato@bol.com.br
youguysarefuckingsick@gofuckyourself.cunt
matthew.avant@gmail.com
willfiordalisi@hotmail.com
c.hernandez@me.com
Jakeb29@aol.com
fairbad@algonquincollege.com
fairbad@algonquincollege.com
alisonwitchard@gmail.com
killakubano@gmail.com
Mexijs@gmail.com
oliverysun@gmail.com
trailraya@gmail.com
3bagsfull@gmail.com
ben@furber-consultancy.com
roberthernani@gmail.com
greghima@gmail.com
bitelabs@alistairjcbrown.com
markedward2009@live.co.uk
johndoe@email.com
carl.stern@gmail.com
Mackinnbruce@gmail.com
Mackinnbruce@gmail.com
h224.ru@gmail.com
ryanpontillas@gmail.com
Jrgspinks@yahoo.com
vibe666@Gmail.com
delavega@gmail.com
ebethe94@aol.com
hgagnon@williston.com
wishu@outlook.de
selfishmoon@gmail.com
angelajoneswants@gmail.com
Konrad.matelski@mohawkcollege.ca
amcardle@stanford.edu
s_branning@yahoo.com
becktopia@gmail.com
Amandajean1497@aol.com
jayjaykid34713@gmail.com
hannahlover1990@gmail.com
geffriaud@gmail.com
wasteddays9713@gmail.com
jortin2002@yahoo.es
postmaster@vassily.net
jlemaster@agorapublishinggroup.com
kodonnell@agorapublishinggroup.com
ferreiro.juan@hotmail.com
emptydreams6917@yahoo.com
michael.milton@gmail.com
w.mcclumpha@gmail.com
dwatts@palantir.com
michael.simone@analog.com
heidi.t.baumgartner@gmail.com
mike.gaal@gmail.com
atk.foo@gmail.com
minimuffin13@gmail.com
mgipp1@gmail.com
warren.b.e.n.nett@gmail.com
kovelant@gmail.com
johnskinner985@gmail.com
scottylong969@gmail.com
dogbreath0@hotmail.com
bwong743@gmail.com
bfaviero@mit.edu
thecreatures@thecreaturehub.com
chopmastertink@yahoo.com
Jerodpark@gmail.com
xenobis@live.com
sasha987@mail.ru
davidlyons1974@ymail.com
seward.thomas@gmail.com
dave@toverbanda.com
liam.geek.6@gmail.com
bloodclox@gmail.com
janedoe@email.com
jam787@yahoo.com
fervus@gmail.com
jason.mow@gmail.com
jessica.grose@tmz.com
reaneyria@hotmail.com
jreiner@frontiernet.net
bambi00429@gmail.com
neilcinthev@gmail.com
francesdanger@gmail.com
groovemcduck@gmail.com
awfullybruisedbanana@gmail.com
awfullybruisedbanana@gmail.com
skylarandbri@hotmail.com
peachnmario91@yahoo.com
peachnmario91@yahoo.com
velvet.vialmagazine@gmail.com
ttharp010@gmail.com
naturalpipster@gmail.com
two1050092@yahoo.com
miscellaneous_d@hotmail.com
tatyanamoraczewski@gmail.com
bugefun@gmail.com
janedoe@gmail.com
natec5172@gmail.com
Joeykataya@gmail.com
kootercat@gmail.com
aime@indexmyhead.com
Samuel@lid-group.com
xavierhoward97@gmail.com
yamijim@gmail.com
carinkat15@student.oasd.k12.wi.us
carinkat15@student.oasd.k12.wi.us
carinkat15@student.oasd.k12.wi.us
carinkat15@student.oasd.k12.wi.us
carinkat15@student.oasd.k12.wi.us
maleonr@msn.com
